{
    "jokes":[
        {
            "id": 1,
            "title": "Why don't skeletons fight each other?",
            "content": "They don't have the guts."
        },
        {
            "id": 2,
            "title": "Why couldn't the bicycle stand up by itself?",
            "content": "It was two-tired."
        },
        {
            "id": 3,
            "title": "Why did the math book look sad?",
            "content": "Because it had too many problems."
        },
        {
            "id": 4,
            "title": "What did one plate say to the other plate?",
            "content": "Dinner's on me!"
        },
        {
            "id": 5,
            "title": "Why don't scientists trust atoms?",
            "content": "Because they make up everything."
        },
        {
            "id": 6,
            "title": "Why did the tomato turn red?",
            "content": "Because it saw the salad dressing."
        },
        {
            "id": 7,
            "title": "What did the janitor say when he jumped out of the closet?",
            "content": "Supplies!"
        },
        {
            "id": 8,
            "title": "Why did the golfer bring two pairs of pants?",
            "content": "In case he got a hole in one."
        },
        {
            "id": 9,
            "title": "Why don't eggs tell jokes?",
            "content": "Because they might crack up."
        },
        {
            "id": 10,
            "title": "What did one wall say to the other wall?",
            "content": "I'll meet you at the corner!"
        }
    ]
    
}